Date,Description,Debit,Credit,Balance
01-01-2024,SALARY CREDIT,,51394.27,136394.27
01-01-2024,WATER BILL PAYMENT,969.27,,135425.0
01-01-2024,METRO CARD RECHARGE,1278.91,,134146.09
01-01-2024,POS PURCHASE 71813,631.04,,133515.05
01-01-2024,GROWW INVESTMENT,9073.71,,124441.34
01-01-2024,OLA CAB 951932,413.2,,124028.14
01-01-2024,DOMINOS PIZZA 696578,1646.22,,122381.92
02-01-2024,APOLLO PHARMACY POS,4639.2,,117742.72
02-01-2024,INDIAN RAILWAYS 835816,224.73,,117517.99
02-01-2024,DMART POS,2439.2,,115078.79
02-01-2024,PIZZA HUT ORDER 234086,396.33,,114682.46
03-01-2024,ICICI CREDIT CARD BILL,8576.5,,106105.96
03-01-2024,PAYTM MONEY SIP,3128.46,,102977.5
03-01-2024,AMAZON PAY 269355,1882.11,,101095.39
03-01-2024,MAKEMYTRIP FLIGHT,1616.59,,99478.8
03-01-2024,MAHANAGAR GAS BILL,584.26,,98894.54
04-01-2024,IKEA POS,2963.52,,95931.02
04-01-2024,RELIANCE FRESH POS,4728.6,,91202.42
04-01-2024,ICICI CREDIT CARD BILL,6493.93,,84708.49
05-01-2024,CASH DEPOSIT,8024.75,,76683.74
05-01-2024,LIC PREMIUM,13566.27,,63117.47
05-01-2024,SWIGGY ORDER 376644,1991.76,,61125.71
05-01-2024,ATM WITHDRAWAL,7895.9,,53229.81
05-01-2024,NSE EQUITY PURCHASE,8249.97,,44979.84
06-01-2024,CROMA ELECTRONICS,7885.41,,37094.43
06-01-2024,KUVERA SIP,9342.75,,27751.68
06-01-2024,FORTIS HEALTHCARE,4204.26,,23547.42
06-01-2024,MAHANAGAR GAS BILL,602.79,,22944.63
07-01-2024,DIVIDEND CREDIT,,4842.29,27786.92
07-01-2024,MAHANAGAR GAS BILL,791.46,,26995.46
07-01-2024,PIZZA HUT ORDER 799696,1501.95,,25493.51
07-01-2024,RAPIDO BIKE 778493,437.09,,25056.42
07-01-2024,PVR CINEMAS POS,328.28,,24728.14
07-01-2024,SONY LIV,272.23,,24455.91
07-01-2024,MUNICIPAL TAX PAYMENT,2757.61,,21698.3
08-01-2024,BARBEQUE NATION,2136.37,,19561.93
08-01-2024,BAJAJ FINSERV EMI,9217.29,,10344.64
08-01-2024,SBI HOME LOAN EMI,11937.76,,-1593.12
08-01-2024,PVR CINEMAS POS,857.02,,-2450.14
08-01-2024,BIG BAZAAR POS,986.99,,-3437.13
08-01-2024,APOLLO PHARMACY POS,347.74,,-3784.87
08-01-2024,STARBUCKS INDIA,2028.31,,-5813.18
08-01-2024,INDIAN RAILWAYS 235176,2612.41,,-8425.59
09-01-2024,1MG ORDER 256709,3777.33,,-12202.92
09-01-2024,NSE EQUITY PURCHASE,4739.59,,-16942.51
09-01-2024,CASH DEPOSIT,7081.3,,-24023.81
09-01-2024,FORTIS HEALTHCARE,3064.35,,-27088.16
09-01-2024,RTGS TRANSFER 688757,1705.44,,-28793.6
09-01-2024,PARKING CHARGES POS,297.43,,-29091.03
09-01-2024,CASH DEPOSIT,4839.14,,-33930.17
10-01-2024,RELIANCE FRESH POS,3553.13,,-37483.3
10-01-2024,MUNICIPAL TAX PAYMENT,1822.81,,-39306.11
10-01-2024,IMPS TO 784790,4447.28,,-43753.39
10-01-2024,BARBEQUE NATION,315.2,,-44068.59
10-01-2024,HALDIRAMS POS,2407.38,,-46475.97
10-01-2024,AMAZON PAY 335198,2236.8,,-48712.77
11-01-2024,CASH DEPOSIT,7199.66,,-55912.43
11-01-2024,APOLLO PHARMACY POS,3320.79,,-59233.22
11-01-2024,DECATHLON POS,7167.16,,-66400.38
11-01-2024,MCDONALD'S POS,1070.46,,-67470.84
12-01-2024,HDFC CAR LOAN EMI,5243.89,,-72714.73
12-01-2024,NEFT TO 682725,1151.87,,-73866.6
12-01-2024,KFC ORDER 386415,358.02,,-74224.62
12-01-2024,RELIANCE FRESH POS,7619.12,,-81843.74
12-01-2024,BROADBAND BILL ACT,1668.5,,-83512.24
13-01-2024,DR LAL PATHLAB,3214.85,,-86727.09
13-01-2024,CROMA ELECTRONICS,7969.75,,-94696.84
13-01-2024,YOUTUBE PREMIUM,1457.05,,-96153.89
13-01-2024,KFC ORDER 393127,650.58,,-96804.47
13-01-2024,AMAZON PAY 598983,4582.17,,-101386.64
13-01-2024,CAFE COFFEE DAY,2112.45,,-103499.09
13-01-2024,SHOPPERS STOP POS,4116.39,,-107615.48
14-01-2024,BOOKMYSHOW 347954,882.07,,-108497.55
14-01-2024,MAX HOSPITAL,4468.72,,-112966.27
14-01-2024,SUBWAY POS,1540.99,,-114507.26
14-01-2024,RAPIDO BIKE 880414,293.78,,-114801.04
14-01-2024,BIG BAZAAR POS,7293.38,,-122094.42
15-01-2024,MEDPLUS POS,4177.5,,-126271.92
15-01-2024,GROWW INVESTMENT,7664.44,,-133936.36
15-01-2024,REDBUS BOOKING 714145,1825.24,,-135761.6
15-01-2024,CHAAYOS TEA,446.46,,-136208.06
15-01-2024,STARBUCKS INDIA,1061.11,,-137269.17
15-01-2024,MYNTRA 539179,3440.31,,-140709.48
16-01-2024,BAJAJ FINSERV EMI,10919.27,,-151628.75
16-01-2024,MCDONALD'S POS,563.39,,-152192.14
17-01-2024,FLIPKART 893697,1649.43,,-153841.57
17-01-2024,SONY LIV,1296.78,,-155138.35
17-01-2024,AJIO ORDER 204322,7266.2,,-162404.55
17-01-2024,DELHI METRO TOPUP,2593.09,,-164997.64
17-01-2024,BAJAJ FINSERV EMI,14216.25,,-179213.89
17-01-2024,DOMINOS PIZZA 253674,544.48,,-179758.37
17-01-2024,NETFLIX INDIA,1410.73,,-181169.1
17-01-2024,SUBWAY POS,364.92,,-181534.02
18-01-2024,MCDONALD'S POS,440.55,,-181974.57
18-01-2024,MAKEMYTRIP FLIGHT,809.71,,-182784.28
18-01-2024,PIZZA HUT ORDER 959343,1807.93,,-184592.21
19-01-2024,SUBWAY POS,227.52,,-184819.73
19-01-2024,REDBUS BOOKING 528276,3220.27,,-188040.0
19-01-2024,RAPIDO BIKE 778259,536.35,,-188576.35
19-01-2024,AMAZON PAY 835541,6136.24,,-194712.59
19-01-2024,SUBWAY POS,930.72,,-195643.31
19-01-2024,INDIAN RAILWAYS 126200,1772.08,,-197415.39
20-01-2024,CASH DEPOSIT,8411.97,,-205827.36
20-01-2024,APPLE ITUNES,668.44,,-206495.8
21-01-2024,WATER BILL PAYMENT,877.43,,-207373.23
21-01-2024,APOLLO PHARMACY POS,2085.86,,-209459.09
22-01-2024,MCDONALD'S POS,874.39,,-210333.48
22-01-2024,INDIAN RAILWAYS 654425,1119.29,,-211452.77
22-01-2024,BAJAJ FINSERV EMI,8670.12,,-220122.89
22-01-2024,UBER AUTO 254690,1322.46,,-221445.35
23-01-2024,LIC PREMIUM,7763.98,,-229209.33
24-01-2024,ICICI CREDIT CARD BILL,7954.55,,-237163.88
24-01-2024,ICICI CREDIT CARD BILL,6890.53,,-244054.41
24-01-2024,HDFC CAR LOAN EMI,8730.69,,-252785.1
24-01-2024,IMPS TO 830179,3302.73,,-256087.83
24-01-2024,RAPIDO BIKE 607403,283.41,,-256371.24
24-01-2024,HDFC CAR LOAN EMI,13372.53,,-269743.77
25-01-2024,PAYTM MONEY SIP,2170.92,,-271914.69
25-01-2024,SBI HOME LOAN EMI,5214.68,,-277129.37
25-01-2024,SHOPPERS STOP POS,4461.56,,-281590.93
25-01-2024,UBER AUTO 352284,2830.66,,-284421.59
26-01-2024,CHAAYOS TEA,727.93,,-285149.52
26-01-2024,LIC PREMIUM,14854.67,,-300004.19
26-01-2024,CHAAYOS TEA,284.08,,-300288.27
26-01-2024,INDIAN RAILWAYS 459176,3116.52,,-303404.79
26-01-2024,ZEE5 SUBSCRIPTION,443.29,,-303848.08
26-01-2024,HALDIRAMS POS,773.3,,-304621.38
26-01-2024,UPI TO 556149,3895.61,,-308516.99
26-01-2024,STARBUCKS INDIA,1376.23,,-309893.22
26-01-2024,RTGS TRANSFER 842339,8195.28,,-318088.5
27-01-2024,FLIPKART 98758,3568.64,,-321657.14
27-01-2024,BAJAJ FINSERV EMI,8439.99,,-330097.13
27-01-2024,WATER BILL PAYMENT,1615.36,,-331712.49
27-01-2024,APOLLO PHARMACY POS,131.28,,-331843.77
27-01-2024,SUBWAY POS,1626.63,,-333470.4
28-01-2024,CHAAYOS TEA,1324.26,,-334794.66
28-01-2024,IMPS TO 680445,1538.95,,-336333.61
28-01-2024,KUVERA SIP,4049.11,,-340382.72
28-01-2024,IRCTC TICKET 507545,3223.78,,-343606.5
01-02-2024,SALARY CREDIT,,52415.5,-291191.0
01-02-2024,ZOMATO FOOD DEL 743225,1607.27,,-292798.27
01-02-2024,NEFT TO 890894,6271.94,,-299070.21
01-02-2024,MAKEMYTRIP FLIGHT,1599.14,,-300669.35
01-02-2024,APOLLO PHARMACY POS,3694.66,,-304364.01
02-02-2024,IMPS TO 573536,3716.2,,-308080.21
02-02-2024,CHAAYOS TEA,830.38,,-308910.59
02-02-2024,ZOMATO FOOD DEL 434377,879.31,,-309789.9
02-02-2024,NEFT TO 91400,9283.96,,-319073.86
02-02-2024,HDFC MUTUAL FUND SIP,4138.31,,-323212.17
02-02-2024,REDBUS BOOKING 966565,961.99,,-324174.16
03-02-2024,CHAAYOS TEA,1503.71,,-325677.87
03-02-2024,UBER AUTO 174982,2780.42,,-328458.29
03-02-2024,PVR CINEMAS POS,1458.39,,-329916.68
03-02-2024,RTGS TRANSFER 803325,5764.97,,-335681.65
03-02-2024,IRCTC TICKET 452914,1587.49,,-337269.14
03-02-2024,DMART POS,533.03,,-337802.17
03-02-2024,STARBUCKS INDIA,1306.44,,-339108.61
03-02-2024,AIRTEL RECHARGE,2855.7,,-341964.31
04-02-2024,DR LAL PATHLAB,3452.87,,-345417.18
04-02-2024,RAPIDO BIKE 331876,444.85,,-345862.03
04-02-2024,NETFLIX INDIA,334.37,,-346196.4
04-02-2024,UPI TO 107857,8137.02,,-354333.42
04-02-2024,ICICI MUTUAL FUND SIP,7400.91,,-361734.33
04-02-2024,BAJAJ FINSERV EMI,9679.75,,-371414.08
04-02-2024,BROADBAND BILL ACT,1479.73,,-372893.81
05-02-2024,BIG BAZAAR POS,5612.81,,-378506.62
05-02-2024,KFC ORDER 263829,2012.4,,-380519.02
05-02-2024,UPI TO 559453,7184.88,,-387703.9
05-02-2024,KUVERA SIP,2851.77,,-390555.67
05-02-2024,PIZZA HUT ORDER 808557,1494.99,,-392050.66
05-02-2024,SBI MUTUAL FUND SIP,4387.32,,-396437.98
06-02-2024,AMAZON PRIME,972.42,,-397410.4
06-02-2024,CHAAYOS TEA,1796.58,,-399206.98
06-02-2024,APPLE ITUNES,1011.92,,-400218.9
06-02-2024,BSES ELECTRICITY,1656.96,,-401875.86
06-02-2024,JIO RECHARGE,2039.22,,-403915.08
07-02-2024,HALDIRAMS POS,1303.16,,-405218.24
07-02-2024,PIZZA HUT ORDER 774443,1502.78,,-406721.02
07-02-2024,BIG BAZAAR POS,532.87,,-407253.89
08-02-2024,AMAZON PRIME,250.41,,-407504.3
08-02-2024,BAJAJ FINSERV EMI,6691.65,,-414195.95
08-02-2024,ATM WITHDRAWAL,9099.25,,-423295.2
08-02-2024,NYKAA ORDER 363974,1409.95,,-424705.15
08-02-2024,RELIANCE FRESH POS,857.14,,-425562.29
08-02-2024,ZERODHA BROKERAGE,1154.8,,-426717.09
08-02-2024,YOUTUBE PREMIUM,1298.58,,-428015.67
08-02-2024,OBSCURE TRADING CO NEFT,21000.0,,-449015.67
09-02-2024,ICICI CREDIT CARD BILL,9885.72,,-458901.39
09-02-2024,IMPS TO 635210,2500.98,,-461402.37
09-02-2024,AMAZON PRIME,720.65,,-462123.02
09-02-2024,INDIAN RAILWAYS 864508,1640.84,,-463763.86
09-02-2024,BIRYANI BY KILO 430399,1322.14,,-465086.0
10-02-2024,MCDONALD'S POS,514.25,,-465600.25
10-02-2024,REDBUS BOOKING 924634,2452.93,,-468053.18
10-02-2024,AMAZON PAY 995913,3286.4,,-471339.58
11-02-2024,VI RECHARGE,2721.49,,-474061.07
11-02-2024,HOTSTAR VIP,1386.32,,-475447.39
11-02-2024,PVR CINEMAS POS,1162.41,,-476609.8
12-02-2024,RELIANCE FRESH POS,2730.19,,-479339.99
12-02-2024,HDFC MUTUAL FUND SIP,7809.67,,-487149.66
12-02-2024,NEFT TO 787197,7920.68,,-495070.34
12-02-2024,CROMA ELECTRONICS,1655.35,,-496725.69
13-02-2024,1MG ORDER 112834,1262.31,,-497988.0
13-02-2024,HDFC MUTUAL FUND SIP,6869.62,,-504857.62
13-02-2024,TATA POWER BILL,769.34,,-505626.96
13-02-2024,ICICI MUTUAL FUND SIP,9932.93,,-515559.89
14-02-2024,1MG ORDER 505740,1147.36,,-516707.25
14-02-2024,MYNTRA 770440,4269.62,,-520976.87
14-02-2024,MUNICIPAL TAX PAYMENT,839.78,,-521816.65
14-02-2024,BAJAJ FINSERV EMI,10457.0,,-532273.65
15-02-2024,UPI TO 284060,9900.47,,-542174.12
15-02-2024,SUBWAY POS,1935.89,,-544110.01
15-02-2024,AJIO ORDER 508868,2891.97,,-547001.98
15-02-2024,METRO CARD RECHARGE,1077.75,,-548079.73
15-02-2024,BROADBAND BILL ACT,212.46,,-548292.19
15-02-2024,IMPS TO 621432,9732.65,,-558024.84
15-02-2024,BARBEQUE NATION,1063.76,,-559088.6
15-02-2024,RELIANCE FRESH POS,2267.06,,-561355.66
16-02-2024,DELHI METRO TOPUP,1760.7,,-563116.36
16-02-2024,CHAAYOS TEA,680.27,,-563796.63
16-02-2024,HOTSTAR VIP,1374.4,,-565171.03
16-02-2024,LIC PREMIUM,14539.47,,-579710.5
16-02-2024,RELIANCE FRESH POS,6661.08,,-586371.58
16-02-2024,UPI TO 119220,2790.28,,-589161.86
16-02-2024,JIO RECHARGE,1920.54,,-591082.4
18-02-2024,BARBEQUE NATION,1100.95,,-592183.35
18-02-2024,ZERODHA BROKERAGE,4007.55,,-596190.9
18-02-2024,RELIANCE FRESH POS,1000.26,,-597191.16
18-02-2024,IKEA POS,4286.77,,-601477.93
19-02-2024,ZERODHA BROKERAGE,1278.84,,-602756.77
19-02-2024,DECATHLON POS,1535.36,,-604292.13
19-02-2024,ICICI MUTUAL FUND SIP,4116.95,,-608409.08
19-02-2024,CROMA ELECTRONICS,5850.56,,-614259.64
20-02-2024,KUVERA SIP,6547.87,,-620807.51
20-02-2024,IRCTC TICKET 798143,2664.26,,-623471.77
20-02-2024,POS PURCHASE 421884,5250.74,,-628722.51
20-02-2024,MCDONALD'S POS,1354.01,,-630076.52
21-02-2024,STARBUCKS INDIA,1873.78,,-631950.3
22-02-2024,DIVIDEND CREDIT,,4584.89,-627365.41
22-02-2024,DR LAL PATHLAB,4052.16,,-631417.57
22-02-2024,CAFE COFFEE DAY,2380.9,,-633798.47
22-02-2024,PIZZA HUT ORDER 625756,2192.99,,-635991.46
22-02-2024,PARKING CHARGES POS,1348.85,,-637340.31
22-02-2024,RTGS TRANSFER 355733,5431.45,,-642771.76
23-02-2024,CHAAYOS TEA,1226.46,,-643998.22
23-02-2024,CAFE COFFEE DAY,300.08,,-644298.3
23-02-2024,DECATHLON POS,5897.86,,-650196.16
24-02-2024,DMART POS,1291.68,,-651487.84
24-02-2024,REDBUS BOOKING 623651,2169.84,,-653657.68
24-02-2024,POS PURCHASE 3693,918.36,,-654576.04
24-02-2024,ICICI CREDIT CARD BILL,12347.66,,-666923.7
24-02-2024,HALDIRAMS POS,1627.02,,-668550.72
25-02-2024,JIO RECHARGE,2070.8,,-670621.52
26-02-2024,MAKEMYTRIP FLIGHT,1976.55,,-672598.07
26-02-2024,SONY LIV,451.95,,-673050.02
26-02-2024,ATM WITHDRAWAL,3832.75,,-676882.77
26-02-2024,MYNTRA 563445,2748.65,,-679631.42
26-02-2024,BIRYANI BY KILO 319992,2079.86,,-681711.28
27-02-2024,CROMA ELECTRONICS,7257.74,,-688969.02
27-02-2024,SUBWAY POS,1591.87,,-690560.89
27-02-2024,BAJAJ FINSERV EMI,6544.61,,-697105.5
27-02-2024,KUVERA SIP,5988.03,,-703093.53
28-02-2024,OLA CAB 465656,2833.84,,-705927.37
28-02-2024,HDFC CAR LOAN EMI,12540.03,,-718467.4
28-02-2024,IMPS TO 55714,6591.2,,-725058.6
28-02-2024,AJIO ORDER 491755,2328.13,,-727386.73
28-02-2024,BIG BAZAAR POS,6888.82,,-734275.55
28-02-2024,KFC ORDER 434121,1776.05,,-736051.6
28-02-2024,MUNICIPAL TAX PAYMENT,1743.73,,-737795.33
01-03-2024,MONTHLY SALARY NEFT,,47232.11,-690563.22
01-03-2024,APPLE ITUNES,1075.52,,-691638.74
01-03-2024,DOMINOS PIZZA 279258,206.81,,-691845.55
01-03-2024,HDFC CAR LOAN EMI,3874.49,,-695720.04
01-03-2024,HALDIRAMS POS,792.81,,-696512.85
02-03-2024,BROADBAND BILL ACT,1655.78,,-698168.63
02-03-2024,SBI HOME LOAN EMI,9383.5,,-707552.13
02-03-2024,NYKAA ORDER 902104,4621.71,,-712173.84
02-03-2024,SWIGGY ORDER 155887,1499.59,,-713673.43
03-03-2024,MCDONALD'S POS,769.67,,-714443.1
03-03-2024,RTGS TRANSFER 414741,632.23,,-715075.33
03-03-2024,MAKEMYTRIP FLIGHT,1592.73,,-716668.06
03-03-2024,BARBEQUE NATION,359.53,,-717027.59
04-03-2024,CAFE COFFEE DAY,2327.91,,-719355.5
04-03-2024,LIC PREMIUM,13722.05,,-733077.55
04-03-2024,UBER AUTO 251021,1486.79,,-734564.34
04-03-2024,DOMINOS PIZZA 392439,1758.12,,-736322.46
04-03-2024,MUNICIPAL TAX PAYMENT,2274.57,,-738597.03
05-03-2024,LIC PREMIUM,8935.21,,-747532.24
05-03-2024,DELHI METRO TOPUP,1465.05,,-748997.29
06-03-2024,CASH DEPOSIT,6658.71,,-755656.0
06-03-2024,APPLE ITUNES,909.91,,-756565.91
06-03-2024,NSE EQUITY PURCHASE,6718.59,,-763284.5
06-03-2024,SHOPPERS STOP POS,5609.77,,-768894.27
06-03-2024,HALDIRAMS POS,1851.4,,-770745.67
06-03-2024,OLA CAB 421245,1418.87,,-772164.54
07-03-2024,RELIANCE FRESH POS,6319.16,,-778483.7
08-03-2024,VI RECHARGE,1581.84,,-780065.54
08-03-2024,YOUTUBE PREMIUM,325.82,,-780391.36
08-03-2024,STARBUCKS INDIA,853.7,,-781245.06
08-03-2024,HALDIRAMS POS,668.8,,-781913.86
08-03-2024,SPOTIFY INDIA,1470.73,,-783384.59
08-03-2024,INDIAN RAILWAYS 817964,613.42,,-783998.01
08-03-2024,SBI HOME LOAN EMI,14100.74,,-798098.75
08-03-2024,KFC ORDER 784132,1335.49,,-799434.24
08-03-2024,DELHI METRO TOPUP,613.69,,-800047.93
08-03-2024,ICICI CREDIT CARD BILL,4279.57,,-804327.5
08-03-2024,IMPS TO 292668,978.33,,-805305.83
09-03-2024,SONY LIV,1341.68,,-806647.51
09-03-2024,BAJAJ FINSERV EMI,10342.03,,-816989.54
09-03-2024,CROMA ELECTRONICS,3109.8,,-820099.34
09-03-2024,BARBEQUE NATION,233.11,,-820332.45
09-03-2024,HDFC MUTUAL FUND SIP,1912.0,,-822244.45
09-03-2024,CROMA ELECTRONICS,3228.54,,-825472.99
10-03-2024,CHAAYOS TEA,98.71,,-825571.7
10-03-2024,BOOKMYSHOW 136215,952.9,,-826524.6
10-03-2024,REDBUS BOOKING 632894,2520.29,,-829044.89
10-03-2024,BARBEQUE NATION,1394.79,,-830439.68
10-03-2024,DOMINOS PIZZA 108697,1008.19,,-831447.87
11-03-2024,PIZZA HUT ORDER 923369,997.49,,-832445.36
11-03-2024,SONY LIV,394.08,,-832839.44
11-03-2024,IMPS TO 678273,1062.04,,-833901.48
11-03-2024,MEDPLUS POS,2001.69,,-835903.17
12-03-2024,RAPIDO BIKE 703729,956.41,,-836859.58
12-03-2024,PAYTM MONEY SIP,9820.92,,-846680.5
12-03-2024,MAHANAGAR GAS BILL,1344.55,,-848025.05
12-03-2024,NYKAA ORDER 801152,799.71,,-848824.76
12-03-2024,SBI MUTUAL FUND SIP,9594.93,,-858419.69
12-03-2024,ZOMATO FOOD DEL 461398,2174.0,,-860593.69
12-03-2024,METRO CARD RECHARGE,1050.36,,-861644.05
12-03-2024,KUVERA SIP,7516.13,,-869160.18
12-03-2024,AMAZON PAY 857255,1938.76,,-871098.94
12-03-2024,BIRYANI BY KILO 839769,786.6,,-871885.54
13-03-2024,CHAAYOS TEA,754.43,,-872639.97
13-03-2024,SUBWAY POS,1238.37,,-873878.34
13-03-2024,KFC ORDER 52328,1718.78,,-875597.12
14-03-2024,CHAAYOS TEA,1701.72,,-877298.84
14-03-2024,1MG ORDER 303218,3346.66,,-880645.5
15-03-2024,BIG BAZAAR POS,955.13,,-881600.63
15-03-2024,CASH DEPOSIT,5672.23,,-887272.86
15-03-2024,SBI HOME LOAN EMI,12571.32,,-899844.18
15-03-2024,UNKNOWN MERCHANT POS 99281,18500.0,,-918344.18
16-03-2024,ZEE5 SUBSCRIPTION,613.42,,-918957.6
17-03-2024,ICICI MUTUAL FUND SIP,9169.96,,-928127.56
17-03-2024,DELHI METRO TOPUP,1137.33,,-929264.89
17-03-2024,WATER BILL PAYMENT,2032.87,,-931297.76
18-03-2024,MYNTRA 202158,3479.48,,-934777.24
18-03-2024,BAJAJ FINSERV EMI,12291.61,,-947068.85
18-03-2024,LIC PREMIUM,14239.31,,-961308.16
18-03-2024,METRO CARD RECHARGE,452.9,,-961761.06
18-03-2024,APPLE ITUNES,193.45,,-961954.51
18-03-2024,PAYTM MONEY SIP,8373.67,,-970328.18
18-03-2024,ICICI CREDIT CARD BILL,5674.8,,-976002.98
19-03-2024,SALARY CREDIT,,9660.45,-966342.53
19-03-2024,POS PURCHASE 811065,6889.05,,-973231.58
19-03-2024,POS PURCHASE 338226,4189.62,,-977421.2
19-03-2024,APPLE ITUNES,909.76,,-978330.96
20-03-2024,BIRYANI BY KILO 614799,1407.02,,-979737.98
20-03-2024,PVR CINEMAS POS,352.81,,-980090.79
20-03-2024,MCDONALD'S POS,2247.75,,-982338.54
21-03-2024,MAHANAGAR GAS BILL,885.66,,-983224.2
21-03-2024,NSE EQUITY PURCHASE,1924.33,,-985148.53
22-03-2024,LIC PREMIUM,2844.21,,-987992.74
22-03-2024,IRCTC TICKET 55302,1405.31,,-989398.05
22-03-2024,MEDPLUS POS,2971.98,,-992370.03
22-03-2024,MYNTRA 757320,398.55,,-992768.58
23-03-2024,BAJAJ FINSERV EMI,3594.29,,-996362.87
23-03-2024,HDFC CAR LOAN EMI,11164.85,,-1007527.72
23-03-2024,OLA CAB 364188,3236.31,,-1010764.03
23-03-2024,ZEE5 SUBSCRIPTION,442.63,,-1011206.66
24-03-2024,SBI HOME LOAN EMI,12250.76,,-1023457.42
24-03-2024,BAJAJ FINSERV EMI,12165.67,,-1035623.09
24-03-2024,OLA CAB 299916,125.25,,-1035748.34
25-03-2024,MUNICIPAL TAX PAYMENT,2482.02,,-1038230.36
25-03-2024,SUBWAY POS,2006.34,,-1040236.7
25-03-2024,WATER BILL PAYMENT,2974.5,,-1043211.2
25-03-2024,OLA CAB 938708,2021.48,,-1045232.68
25-03-2024,RELIANCE FRESH POS,873.81,,-1046106.49
26-03-2024,APPLE ITUNES,1235.08,,-1047341.57
26-03-2024,NEFT TO 584397,1069.82,,-1048411.39
26-03-2024,CHAAYOS TEA,2352.26,,-1050763.65
26-03-2024,NEFT TO 748748,1198.31,,-1051961.96
26-03-2024,ZOMATO FOOD DEL 756408,83.1,,-1052045.06
27-03-2024,SBI MUTUAL FUND SIP,4052.18,,-1056097.24
27-03-2024,PIZZA HUT ORDER 323451,659.47,,-1056756.71
27-03-2024,1MG ORDER 846664,1546.19,,-1058302.9
27-03-2024,MAKEMYTRIP FLIGHT,425.19,,-1058728.09
27-03-2024,RTGS TRANSFER 183150,2172.95,,-1060901.04
27-03-2024,METRO CARD RECHARGE,1002.8,,-1061903.84
28-03-2024,PIZZA HUT ORDER 51126,2175.23,,-1064079.07
28-03-2024,MYNTRA 747385,5734.6,,-1069813.67
28-03-2024,METRO CARD RECHARGE,1619.81,,-1071433.48
01-04-2024,MONTHLY SALARY NEFT,,46024.95,-1025408.53
01-04-2024,SUBWAY POS,1072.15,,-1026480.68
01-04-2024,UPI TO 966908,1239.69,,-1027720.37
01-04-2024,INDIAN RAILWAYS 181222,2810.59,,-1030530.96
01-04-2024,CAFE COFFEE DAY,662.17,,-1031193.13
01-04-2024,ATM WITHDRAWAL,8647.69,,-1039840.82
01-04-2024,MCDONALD'S POS,918.35,,-1040759.17
01-04-2024,NSE EQUITY PURCHASE,2870.64,,-1043629.81
01-04-2024,MCDONALD'S POS,1839.75,,-1045469.56
02-04-2024,STARBUCKS INDIA,515.55,,-1045985.11
02-04-2024,KFC ORDER 433723,2422.04,,-1048407.15
02-04-2024,UBER AUTO 737986,624.7,,-1049031.85
02-04-2024,DOMINOS PIZZA 747221,757.18,,-1049789.03
02-04-2024,MEDPLUS POS,4458.19,,-1054247.22
03-04-2024,HDFC CAR LOAN EMI,10313.41,,-1064560.63
03-04-2024,FLIPKART 338758,4944.72,,-1069505.35
03-04-2024,REDBUS BOOKING 464688,2220.91,,-1071726.26
03-04-2024,ATM WITHDRAWAL,9098.9,,-1080825.16
03-04-2024,DR LAL PATHLAB,2863.4,,-1083688.56
03-04-2024,APPLE ITUNES,233.14,,-1083921.7
03-04-2024,SONY LIV,1014.44,,-1084936.14
04-04-2024,ZOMATO FOOD DEL 421172,1270.03,,-1086206.17
04-04-2024,STARBUCKS INDIA,1721.94,,-1087928.11
04-04-2024,AIRTEL RECHARGE,1190.96,,-1089119.07
04-04-2024,AJIO ORDER 266015,3900.29,,-1093019.36
05-04-2024,AIRTEL RECHARGE,1221.02,,-1094240.38
05-04-2024,1MG ORDER 701005,2702.55,,-1096942.93
05-04-2024,POS PURCHASE 561069,756.18,,-1097699.11
05-04-2024,RAPIDO BIKE 557968,1459.82,,-1099158.93
05-04-2024,DR LAL PATHLAB,1892.31,,-1101051.24
05-04-2024,YOUTUBE PREMIUM,397.42,,-1101448.66
05-04-2024,BSES ELECTRICITY,2203.87,,-1103652.53
05-04-2024,JIO RECHARGE,1632.77,,-1105285.3
06-04-2024,BARBEQUE NATION,2388.23,,-1107673.53
06-04-2024,SWIGGY ORDER 273793,997.43,,-1108670.96
06-04-2024,1MG ORDER 93055,4071.51,,-1112742.47
07-04-2024,DELHI METRO TOPUP,2540.03,,-1115282.5
07-04-2024,INDIAN RAILWAYS 837587,926.48,,-1116208.98
07-04-2024,RAPIDO BIKE 145247,567.66,,-1116776.64
08-04-2024,IRCTC TICKET 688926,2416.05,,-1119192.69
08-04-2024,1MG ORDER 579043,808.75,,-1120001.44
08-04-2024,ICICI CREDIT CARD BILL,4658.67,,-1124660.11
09-04-2024,SBI MUTUAL FUND SIP,6557.78,,-1131217.89
09-04-2024,RTGS TRANSFER 86884,4967.91,,-1136185.8
09-04-2024,DELHI METRO TOPUP,1743.47,,-1137929.27
09-04-2024,MAKEMYTRIP FLIGHT,1714.98,,-1139644.25
09-04-2024,NETMEDS ORDER 490368,1580.51,,-1141224.76
09-04-2024,MCDONALD'S POS,1951.97,,-1143176.73
10-04-2024,MAKEMYTRIP FLIGHT,3351.89,,-1146528.62
10-04-2024,ICICI MUTUAL FUND SIP,4696.43,,-1151225.05
10-04-2024,MAHANAGAR GAS BILL,2584.39,,-1153809.44
10-04-2024,UPI TO 77517,7041.83,,-1160851.27
10-04-2024,NYKAA ORDER 821685,799.99,,-1161651.26
10-04-2024,BIRYANI BY KILO 58219,1976.8,,-1163628.06
10-04-2024,CROMA ELECTRONICS POS,4500.0,,-1168128.06
11-04-2024,SPOTIFY INDIA,768.14,,-1168896.2
11-04-2024,IKEA POS,6425.51,,-1175321.71
11-04-2024,PIZZA HUT ORDER 533401,726.56,,-1176048.27
11-04-2024,NEFT TO 521306,7074.65,,-1183122.92
11-04-2024,ATM WITHDRAWAL,924.49,,-1184047.41
11-04-2024,CASH DEPOSIT,3477.43,,-1187524.84
11-04-2024,STARBUCKS INDIA,2027.61,,-1189552.45
12-04-2024,STARBUCKS INDIA,2004.74,,-1191557.19
12-04-2024,IKEA POS,5444.26,,-1197001.45
12-04-2024,BARBEQUE NATION,1838.89,,-1198840.34
12-04-2024,SWIGGY ORDER 648847,1623.3,,-1200463.64
12-04-2024,KFC ORDER 543347,1974.83,,-1202438.47
12-04-2024,CROMA ELECTRONICS POS,4500.0,,-1206938.47
13-04-2024,TATA POWER BILL,1857.87,,-1208796.34
13-04-2024,MAKEMYTRIP FLIGHT,359.95,,-1209156.29
13-04-2024,SONY LIV,1236.04,,-1210392.33
14-04-2024,RELIANCE FRESH POS,6088.56,,-1216480.89
14-04-2024,CASH DEPOSIT,1283.06,,-1217763.95
14-04-2024,PVR CINEMAS POS,155.31,,-1217919.26
14-04-2024,DECATHLON POS,5601.62,,-1223520.88
15-04-2024,NEFT TO 566979,2564.06,,-1226084.94
15-04-2024,RAPIDO BIKE 837507,1435.51,,-1227520.45
15-04-2024,JIO RECHARGE,2424.88,,-1229945.33
15-04-2024,STARBUCKS INDIA,2105.73,,-1232051.06
15-04-2024,SWIGGY ORDER 67412,713.1,,-1232764.16
16-04-2024,MUNICIPAL TAX PAYMENT,716.22,,-1233480.38
16-04-2024,BARBEQUE NATION,903.27,,-1234383.65
16-04-2024,HOTSTAR VIP,896.15,,-1235279.8
16-04-2024,PHARMEASY ORDER 606474,3198.77,,-1238478.57
16-04-2024,KUVERA SIP,523.49,,-1239002.06
16-04-2024,CASH DEPOSIT,1365.8,,-1240367.86
17-04-2024,CASH DEPOSIT,9202.69,,-1249570.55
17-04-2024,DOMINOS PIZZA 872415,1138.68,,-1250709.23
17-04-2024,APPLE ITUNES,786.14,,-1251495.37
17-04-2024,DMART POS,3326.5,,-1254821.87
17-04-2024,SUBWAY POS,269.01,,-1255090.88
17-04-2024,CASH DEPOSIT,7099.68,,-1262190.56
18-04-2024,AIRTEL RECHARGE,410.68,,-1262601.24
18-04-2024,STARBUCKS INDIA,1266.86,,-1263868.1
19-04-2024,MAKEMYTRIP FLIGHT,2251.29,,-1266119.39
19-04-2024,UBER AUTO 635487,562.43,,-1266681.82
19-04-2024,RAPIDO BIKE 524555,1940.73,,-1268622.55
19-04-2024,SBI HOME LOAN EMI,5922.95,,-1274545.5
20-04-2024,POS PURCHASE 122263,4159.36,,-1278704.86
20-04-2024,IMPS TO 789939,7611.1,,-1286315.96
20-04-2024,CASH DEPOSIT,5231.36,,-1291547.32
20-04-2024,METRO CARD RECHARGE,1197.22,,-1292744.54
20-04-2024,REDBUS BOOKING 611527,1420.79,,-1294165.33
20-04-2024,MAKEMYTRIP FLIGHT,426.39,,-1294591.72
20-04-2024,IRCTC TICKET 854266,2367.35,,-1296959.07
20-04-2024,MYNTRA 603727,3192.94,,-1300152.01
20-04-2024,UBER AUTO 908565,1275.87,,-1301427.88
20-04-2024,METRO CARD RECHARGE,2573.75,,-1304001.63
21-04-2024,CAFE COFFEE DAY,1818.4,,-1305820.03
21-04-2024,SUBWAY POS,1164.58,,-1306984.61
21-04-2024,REDBUS BOOKING 797907,209.09,,-1307193.7
21-04-2024,DMART POS,7823.17,,-1315016.87
21-04-2024,AMAZON PRIME,1351.06,,-1316367.93
22-04-2024,PHARMEASY ORDER 520389,4827.64,,-1321195.57
22-04-2024,BAJAJ FINSERV EMI,2085.96,,-1323281.53
22-04-2024,WATER BILL PAYMENT,1274.77,,-1324556.3
22-04-2024,CROMA ELECTRONICS,2960.76,,-1327517.06
22-04-2024,CAFE COFFEE DAY,2216.12,,-1329733.18
23-04-2024,CAFE COFFEE DAY,784.85,,-1330518.03
23-04-2024,YOUTUBE PREMIUM,700.61,,-1331218.64
23-04-2024,ICICI MUTUAL FUND SIP,7202.59,,-1338421.23
23-04-2024,IRCTC TICKET 776584,1381.99,,-1339803.22
23-04-2024,PHARMEASY ORDER 501905,447.06,,-1340250.28
23-04-2024,LIC PREMIUM,7885.85,,-1348136.13
23-04-2024,NYKAA ORDER 839754,3489.57,,-1351625.7
24-04-2024,CHAAYOS TEA,2165.25,,-1353790.95
24-04-2024,DECATHLON POS,3443.6,,-1357234.55
24-04-2024,UBER AUTO 108629,1429.94,,-1358664.49
25-04-2024,AJIO ORDER 841952,5379.94,,-1364044.43
25-04-2024,OLA CAB 761053,3156.94,,-1367201.37
25-04-2024,POS PURCHASE 239564,5759.22,,-1372960.59
25-04-2024,AJIO ORDER 910313,3116.5,,-1376077.09
26-04-2024,PIZZA HUT ORDER 772711,490.65,,-1376567.74
26-04-2024,WATER BILL PAYMENT,1913.46,,-1378481.2
26-04-2024,MAX HOSPITAL,1740.21,,-1380221.41
26-04-2024,SUBWAY POS,1240.84,,-1381462.25
27-04-2024,SBI NEFT FROM 263032,,7493.99,-1373968.26
27-04-2024,HDFC MUTUAL FUND SIP,2012.0,,-1375980.26
27-04-2024,DECATHLON POS,1177.55,,-1377157.81
28-04-2024,NETFLIX INDIA,784.9,,-1377942.71
28-04-2024,MAKEMYTRIP FLIGHT,2623.88,,-1380566.59
28-04-2024,DELHI METRO TOPUP,3458.77,,-1384025.36
28-04-2024,NETFLIX INDIA,960.15,,-1384985.51
28-04-2024,MUNICIPAL TAX PAYMENT,1979.88,,-1386965.39
28-04-2024,PARKING CHARGES POS,891.5,,-1387856.89
28-04-2024,PAYTM MONEY SIP,1262.37,,-1389119.26
28-04-2024,SONY LIV,872.64,,-1389991.9
28-04-2024,NYKAA ORDER 912648,1490.15,,-1391482.05
01-05-2024,SALARY CREDIT,,53921.8,-1337560.25
01-05-2024,CAFE COFFEE DAY,1262.43,,-1338822.68
01-05-2024,CASH DEPOSIT,5768.72,,-1344591.4
01-05-2024,ZOMATO FOOD DEL 831244,1542.17,,-1346133.57
02-05-2024,NYKAA ORDER 93337,2653.23,,-1348786.8
02-05-2024,POS PURCHASE 72744,2730.32,,-1351517.12
02-05-2024,IMPS TO 532981,1204.81,,-1352721.93
02-05-2024,INDIAN RAILWAYS 70113,1174.03,,-1353895.96
02-05-2024,HDFC CAR LOAN EMI,13716.55,,-1367612.51
02-05-2024,APOLLO PHARMACY POS,4678.42,,-1372290.93
03-05-2024,ZOMATO FOOD DEL 768460,1256.1,,-1373547.03
03-05-2024,SBI HOME LOAN EMI,4046.33,,-1377593.36
04-05-2024,CASH DEPOSIT,5024.34,,-1382617.7
04-05-2024,GROWW INVESTMENT,1296.81,,-1383914.51
04-05-2024,BOOKMYSHOW 694856,1130.71,,-1385045.22
05-05-2024,NETMEDS ORDER 133352,2420.45,,-1387465.67
05-05-2024,STARBUCKS INDIA,2437.79,,-1389903.46
05-05-2024,LIC PREMIUM,4320.16,,-1394223.62
05-05-2024,SHOPPERS STOP POS,6711.61,,-1400935.23
05-05-2024,PARKING CHARGES POS,1714.12,,-1402649.35
05-05-2024,RELIANCE FRESH POS,2617.27,,-1405266.62
06-05-2024,BSES ELECTRICITY,751.81,,-1406018.43
06-05-2024,BAJAJ FINSERV EMI,3823.85,,-1409842.28
06-05-2024,INDIAN RAILWAYS 739253,1045.44,,-1410887.72
07-05-2024,PIZZA HUT ORDER 137828,904.64,,-1411792.36
07-05-2024,INDIAN RAILWAYS 738606,1451.85,,-1413244.21
08-05-2024,SONY LIV,1186.99,,-1414431.2
08-05-2024,NYKAA ORDER 231080,2328.9,,-1416760.1
08-05-2024,WATER BILL PAYMENT,1461.44,,-1418221.54
08-05-2024,RELIANCE FRESH POS,6318.09,,-1424539.63
08-05-2024,SHOPPERS STOP POS,2539.8,,-1427079.43
08-05-2024,MUNICIPAL TAX PAYMENT,1295.18,,-1428374.61
08-05-2024,MAHANAGAR GAS BILL,1353.58,,-1429728.19
08-05-2024,BIRYANI BY KILO 842134,1395.65,,-1431123.84
08-05-2024,PARKING CHARGES POS,3280.31,,-1434404.15
09-05-2024,CASH DEPOSIT,4570.12,,-1438974.27
09-05-2024,OLA CAB 763400,1503.01,,-1440477.28
10-05-2024,MUNICIPAL TAX PAYMENT,1512.35,,-1441989.63
10-05-2024,MAKEMYTRIP FLIGHT,897.84,,-1442887.47
10-05-2024,MAHANAGAR GAS BILL,2938.24,,-1445825.71
10-05-2024,OLA CAB 263778,711.17,,-1446536.88
10-05-2024,AMAZON PRIME,1037.44,,-1447574.32
11-05-2024,LIC PREMIUM,7898.69,,-1455473.01
11-05-2024,ZOMATO FOOD DEL 917655,2125.0,,-1457598.01
11-05-2024,CAFE COFFEE DAY,1647.32,,-1459245.33
11-05-2024,SBI HOME LOAN EMI,6596.78,,-1465842.11
11-05-2024,AIRTEL RECHARGE,2618.59,,-1468460.7
11-05-2024,KFC ORDER 372496,1715.6,,-1470176.3
11-05-2024,NSE EQUITY PURCHASE,4929.38,,-1475105.68
12-05-2024,KFC ORDER 527169,2290.64,,-1477396.32
12-05-2024,SWIGGY ORDER 53995,760.88,,-1478157.2
13-05-2024,MUNICIPAL TAX PAYMENT,1100.98,,-1479258.18
13-05-2024,SONY LIV,1119.99,,-1480378.17
13-05-2024,KFC ORDER 83467,1037.76,,-1481415.93
13-05-2024,ICICI CREDIT CARD BILL,4367.06,,-1485782.99
13-05-2024,DECATHLON POS,257.31,,-1486040.3
14-05-2024,RELIANCE FRESH POS,5044.01,,-1491084.31
14-05-2024,BIRYANI BY KILO 854797,1269.98,,-1492354.29
14-05-2024,POS PURCHASE 779325,7402.69,,-1499756.98
14-05-2024,NSE EQUITY PURCHASE,9810.26,,-1509567.24
14-05-2024,CHAAYOS TEA,1732.72,,-1511299.96
14-05-2024,1MG ORDER 601534,4420.1,,-1515720.06
14-05-2024,RTGS TRANSFER 614543,5087.85,,-1520807.91
15-05-2024,CASHBACK CREDIT,,3328.73,-1517479.18
15-05-2024,SBI HOME LOAN EMI,5239.58,,-1522718.76
15-05-2024,BOOKMYSHOW 57837,402.42,,-1523121.18
15-05-2024,MAHANAGAR GAS BILL,260.96,,-1523382.14
15-05-2024,FLIPKART 899198,4087.96,,-1527470.1
16-05-2024,SBI MUTUAL FUND SIP,4993.24,,-1532463.34
16-05-2024,CASH DEPOSIT,3108.68,,-1535572.02
16-05-2024,METRO CARD RECHARGE,2643.92,,-1538215.94
16-05-2024,DR LAL PATHLAB,4097.17,,-1542313.11
16-05-2024,YOUTUBE PREMIUM,1397.54,,-1543710.65
16-05-2024,IMPS TO 500292,1427.42,,-1545138.07
16-05-2024,HOTSTAR VIP,183.77,,-1545321.84
16-05-2024,MCDONALD'S POS,2338.16,,-1547660.0
17-05-2024,SONY LIV,501.29,,-1548161.29
17-05-2024,SUBWAY POS,410.35,,-1548571.64
17-05-2024,METRO CARD RECHARGE,1784.26,,-1550355.9
17-05-2024,RAPIDO BIKE 163246,2308.87,,-1552664.77
17-05-2024,UPI TO 170930,8260.47,,-1560925.24
17-05-2024,MYNTRA 344897,7464.68,,-1568389.92
17-05-2024,MYNTRA 524059,233.83,,-1568623.75
18-05-2024,KFC ORDER 825613,2471.76,,-1571095.51
18-05-2024,VI RECHARGE,2349.33,,-1573444.84
19-05-2024,ATM WITHDRAWAL,5286.47,,-1578731.31
19-05-2024,HDFC CAR LOAN EMI,2667.62,,-1581398.93
19-05-2024,IRCTC TICKET 657401,2385.26,,-1583784.19
19-05-2024,MAKEMYTRIP FLIGHT,558.87,,-1584343.06
19-05-2024,ATM WITHDRAWAL,1772.5,,-1586115.56
19-05-2024,SWIGGY ORDER 640966,1653.05,,-1587768.61
19-05-2024,PIZZA HUT ORDER 986294,322.49,,-1588091.1
19-05-2024,SWIGGY ORDER 183176,546.49,,-1588637.59
20-05-2024,CASH DEPOSIT,5789.03,,-1594426.62
20-05-2024,BROADBAND BILL ACT,1113.85,,-1595540.47
20-05-2024,OLA CAB 115682,2698.27,,-1598238.74
20-05-2024,SWIGGY ORDER 325314,1691.91,,-1599930.65
20-05-2024,AJIO ORDER 355245,3582.59,,-1603513.24
20-05-2024,UBER AUTO 623774,3481.54,,-1606994.78
21-05-2024,CAFE COFFEE DAY,1938.03,,-1608932.81
21-05-2024,SHOPPERS STOP POS,6241.93,,-1615174.74
21-05-2024,RTGS TRANSFER 721539,2643.04,,-1617817.78
21-05-2024,PIZZA HUT ORDER 499844,2273.79,,-1620091.57
22-05-2024,BAJAJ FINSERV EMI,4468.67,,-1624560.24
22-05-2024,BIRYANI BY KILO 650342,891.16,,-1625451.4
22-05-2024,UBER AUTO 89025,2260.34,,-1627711.74
22-05-2024,DECATHLON POS,1203.57,,-1628915.31
22-05-2024,SUBWAY POS,197.8,,-1629113.11
22-05-2024,JIO RECHARGE,2895.76,,-1632008.87
22-05-2024,ICICI MUTUAL FUND SIP,9517.92,,-1641526.79
22-05-2024,GLOBALTECH SERVICES PVT LTD,24999.0,,-1666525.79
23-05-2024,CHAAYOS TEA,1666.16,,-1668191.95
23-05-2024,RELIANCE FRESH POS,7874.06,,-1676066.01
23-05-2024,METRO CARD RECHARGE,65.22,,-1676131.23
23-05-2024,METRO CARD RECHARGE,409.02,,-1676540.25
23-05-2024,POS PURCHASE 159067,3777.19,,-1680317.44
23-05-2024,SUBWAY POS,803.37,,-1681120.81
24-05-2024,SUBWAY POS,1962.26,,-1683083.07
24-05-2024,MAHANAGAR GAS BILL,2835.58,,-1685918.65
25-05-2024,YOUTUBE PREMIUM,1014.94,,-1686933.59
25-05-2024,DOMINOS PIZZA 135628,1676.6,,-1688610.19
25-05-2024,HDFC CAR LOAN EMI,6052.31,,-1694662.5
25-05-2024,DELHI METRO TOPUP,1012.01,,-1695674.51
25-05-2024,MCDONALD'S POS,615.67,,-1696290.18
25-05-2024,NEFT TO 993921,6957.27,,-1703247.45
25-05-2024,DECATHLON POS,3890.44,,-1707137.89
26-05-2024,ATM WITHDRAWAL,5561.08,,-1712698.97
26-05-2024,ZEE5 SUBSCRIPTION,802.21,,-1713501.18
26-05-2024,CHAAYOS TEA,1012.28,,-1714513.46
28-05-2024,AMAZON PAY 714328,5821.63,,-1720335.09
28-05-2024,HALDIRAMS POS,1893.74,,-1722228.83
28-05-2024,HDFC CAR LOAN EMI,3059.53,,-1725288.36
28-05-2024,SWIGGY ORDER 872776,380.47,,-1725668.83
01-06-2024,SALARY CREDIT,,50904.93,-1674763.9
01-06-2024,BROADBAND BILL ACT,216.51,,-1674980.41
01-06-2024,HDFC MUTUAL FUND SIP,1756.98,,-1676737.39
01-06-2024,CAFE COFFEE DAY,488.94,,-1677226.33
02-06-2024,IKEA POS,7876.49,,-1685102.82
02-06-2024,VI RECHARGE,2471.2,,-1687574.02
02-06-2024,MUNICIPAL TAX PAYMENT,2467.48,,-1690041.5
02-06-2024,PHARMEASY ORDER 544878,1115.97,,-1691157.47
02-06-2024,RAPIDO BIKE 604656,2967.37,,-1694124.84
03-06-2024,ICICI CREDIT CARD BILL,4224.8,,-1698349.64
03-06-2024,MAHANAGAR GAS BILL,2053.43,,-1700403.07
03-06-2024,AJIO ORDER 64182,7489.75,,-1707892.82
03-06-2024,MAKEMYTRIP FLIGHT,1762.58,,-1709655.4
03-06-2024,CASH DEPOSIT,6530.99,,-1716186.39
03-06-2024,PARKING CHARGES POS,1783.83,,-1717970.22
03-06-2024,MCDONALD'S POS,2457.36,,-1720427.58
04-06-2024,TATA POWER BILL,790.87,,-1721218.45
04-06-2024,HDFC MUTUAL FUND SIP,4377.1,,-1725595.55
04-06-2024,IKEA POS,7046.11,,-1732641.66
04-06-2024,MAKEMYTRIP FLIGHT,1097.64,,-1733739.3
04-06-2024,AMAZON PAY 941443,1480.41,,-1735219.71
05-06-2024,MUNICIPAL TAX PAYMENT,2643.62,,-1737863.33
05-06-2024,CHAAYOS TEA,910.22,,-1738773.55
06-06-2024,BIG BAZAAR POS,5961.12,,-1744734.67
07-06-2024,IKEA POS,1380.72,,-1746115.39
08-06-2024,PIZZA HUT ORDER 304445,2464.24,,-1748579.63
08-06-2024,CAFE COFFEE DAY,645.22,,-1749224.85
08-06-2024,REDBUS BOOKING 958170,2053.56,,-1751278.41
08-06-2024,UBER AUTO 601383,3320.27,,-1754598.68
08-06-2024,ZOMATO FOOD DEL 742521,445.49,,-1755044.17
08-06-2024,POS PURCHASE 183927,5743.15,,-1760787.32
09-06-2024,BARBEQUE NATION,1693.75,,-1762481.07
09-06-2024,DMART POS,5557.2,,-1768038.27
10-06-2024,DR LAL PATHLAB,2101.13,,-1770139.4
10-06-2024,SUBWAY POS,1178.76,,-1771318.16
10-06-2024,AJIO ORDER 740677,2332.71,,-1773650.87
10-06-2024,CAFE COFFEE DAY,2497.34,,-1776148.21
10-06-2024,AMAZON PAY 232230,3283.05,,-1779431.26
10-06-2024,MCDONALD'S POS,1548.76,,-1780980.02
10-06-2024,MEDPLUS POS,2696.09,,-1783676.11
10-06-2024,IRCTC TICKET 187340,2559.04,,-1786235.15
10-06-2024,BIRYANI BY KILO 363066,2309.28,,-1788544.43
11-06-2024,MUNICIPAL TAX PAYMENT,1438.05,,-1789982.48
11-06-2024,DECATHLON POS,4858.52,,-1794841.0
11-06-2024,PHARMEASY ORDER 145283,287.69,,-1795128.69
11-06-2024,SUBWAY POS,915.8,,-1796044.49
11-06-2024,ATM WITHDRAWAL,4437.47,,-1800481.96
12-06-2024,BAJAJ FINSERV EMI,8728.49,,-1809210.45
12-06-2024,JIO RECHARGE,854.7,,-1810065.15
12-06-2024,JIO RECHARGE,2564.56,,-1812629.71
12-06-2024,AMAZON PAY 936336,2713.26,,-1815342.97
13-06-2024,BSES ELECTRICITY,1584.06,,-1816927.03
13-06-2024,OLA CAB 894140,1170.12,,-1818097.15
13-06-2024,ZOMATO FOOD DEL 149766,1873.15,,-1819970.3
13-06-2024,SONY LIV,730.55,,-1820700.85
13-06-2024,AIRTEL RECHARGE,2690.81,,-1823391.66
13-06-2024,AJIO ORDER 313848,3422.24,,-1826813.9
13-06-2024,HALDIRAMS POS,648.7,,-1827462.6
14-06-2024,AJIO ORDER 39551,6367.62,,-1833830.22
14-06-2024,IRCTC TICKET 928519,1466.65,,-1835296.87
14-06-2024,MCDONALD'S POS,1597.89,,-1836894.76
15-06-2024,IRCTC TICKET 278746,514.52,,-1837409.28
15-06-2024,ZERODHA BROKERAGE,3960.84,,-1841370.12
15-06-2024,PVR CINEMAS POS,395.26,,-1841765.38
15-06-2024,SUBWAY POS,1141.06,,-1842906.44
15-06-2024,SWIGGY ORDER 9454,1763.34,,-1844669.78
15-06-2024,BIG BAZAAR POS,7193.42,,-1851863.2
15-06-2024,INDIAN RAILWAYS 283507,2558.93,,-1854422.13
15-06-2024,NEFT TO 642018,4107.63,,-1858529.76
15-06-2024,SPOTIFY INDIA,1174.84,,-1859704.6
16-06-2024,SALARY CREDIT,,9848.44,-1849856.16
16-06-2024,BARBEQUE NATION,1444.24,,-1851300.4
16-06-2024,DELHI METRO TOPUP,1118.72,,-1852419.12
16-06-2024,HOTSTAR VIP,1267.56,,-1853686.68
16-06-2024,DMART POS,1784.39,,-1855471.07
16-06-2024,CROMA ELECTRONICS,6751.16,,-1862222.23
17-06-2024,YOUTUBE PREMIUM,967.21,,-1863189.44
18-06-2024,SUBWAY POS,1641.53,,-1864830.97
18-06-2024,MAHANAGAR GAS BILL,988.26,,-1865819.23
19-06-2024,CASHBACK CREDIT,,8970.97,-1856848.26
19-06-2024,RELIANCE FRESH POS,6843.36,,-1863691.62
19-06-2024,BSES ELECTRICITY,2918.72,,-1866610.34
19-06-2024,NEFT TO 562147,7517.52,,-1874127.86
19-06-2024,MCDONALD'S POS,1838.25,,-1875966.11
19-06-2024,SBI HOME LOAN EMI,13592.81,,-1889558.92
20-06-2024,BSES ELECTRICITY,738.41,,-1890297.33
20-06-2024,PIZZA HUT ORDER 251921,1797.67,,-1892095.0
20-06-2024,KFC ORDER 444814,349.07,,-1892444.07
20-06-2024,PHARMEASY ORDER 316029,1671.26,,-1894115.33
20-06-2024,MAKEMYTRIP FLIGHT,2168.04,,-1896283.37
20-06-2024,PAYTM MONEY SIP,4437.2,,-1900720.57
21-06-2024,METRO CARD RECHARGE,1725.21,,-1902445.78
21-06-2024,ZERODHA BROKERAGE,5008.61,,-1907454.39
21-06-2024,NSE EQUITY PURCHASE,5099.71,,-1912554.1
21-06-2024,METRO CARD RECHARGE,3137.33,,-1915691.43
21-06-2024,DOMINOS PIZZA 529370,1392.83,,-1917084.26
22-06-2024,FLIPKART 549913,7802.31,,-1924886.57
22-06-2024,OLA CAB 809977,2049.2,,-1926935.77
22-06-2024,MUNICIPAL TAX PAYMENT,1702.73,,-1928638.5
22-06-2024,HALDIRAMS POS,150.65,,-1928789.15
22-06-2024,JIO RECHARGE,2156.29,,-1930945.44
22-06-2024,FLIPKART 912107,1978.07,,-1932923.51
22-06-2024,BIRYANI BY KILO 10756,808.7,,-1933732.21
22-06-2024,IKEA POS,1359.5,,-1935091.71
23-06-2024,MEDPLUS POS,3385.23,,-1938476.94
23-06-2024,BSES ELECTRICITY,1856.37,,-1940333.31
24-06-2024,CASH DEPOSIT,6870.97,,-1947204.28
24-06-2024,HDFC CAR LOAN EMI,9398.37,,-1956602.65
24-06-2024,BIRYANI BY KILO 417716,2420.79,,-1959023.44
24-06-2024,BIRYANI BY KILO 441781,986.2,,-1960009.64
24-06-2024,ATM WITHDRAWAL,7581.84,,-1967591.48
24-06-2024,SUBWAY POS,338.85,,-1967930.33
25-06-2024,VI RECHARGE,472.06,,-1968402.39
25-06-2024,BARBEQUE NATION,790.13,,-1969192.52
25-06-2024,CAFE COFFEE DAY,1655.73,,-1970848.25
25-06-2024,MYNTRA 6433,7723.25,,-1978571.5
25-06-2024,RELIANCE FRESH POS,1115.84,,-1979687.34
25-06-2024,ZOMATO FOOD DEL 34782,2038.94,,-1981726.28
25-06-2024,NYKAA ORDER 577429,4184.29,,-1985910.57
25-06-2024,UBER AUTO 49174,375.52,,-1986286.09
25-06-2024,RAPIDO BIKE 451081,2304.53,,-1988590.62
26-06-2024,NEFT TO 280766,2012.38,,-1990603.0
26-06-2024,DMART POS,3297.16,,-1993900.16
26-06-2024,OLA CAB 109214,1117.33,,-1995017.49
26-06-2024,UBER AUTO 394417,3071.61,,-1998089.1
27-06-2024,LIC PREMIUM,2523.01,,-2000612.11
27-06-2024,MAHANAGAR GAS BILL,705.17,,-2001317.28
27-06-2024,IRCTC TICKET 248745,386.73,,-2001704.01
27-06-2024,NETFLIX INDIA,1080.85,,-2002784.86
28-06-2024,TATA POWER BILL,535.68,,-2003320.54
28-06-2024,ATM WITHDRAWAL,2080.47,,-2005401.01
28-06-2024,BARBEQUE NATION,2417.52,,-2007818.53
28-06-2024,DELHI METRO TOPUP,2610.37,,-2010428.9
